City,Category,Sub Category,English Name,Arabic Name,Rating,Reviews,Address,Postal Code,Location,Phone,Website,Image URL
Cairo,Schools,مدرسة كيه-12,مدرسة جرين فالي,مدرسة جرين فالي,,,"
Mousa ibn Noseir St, العبور، محافظة القاهرة‬ 11828",11828,"
6FMC+CF العبور","
02 44780801",http://www.gvs.edu.eg/,https://lh3.googleusercontent.com/gps-cs-s/AHVAwepcDHHLMwsa7AuTw-PjvcQ37bhGetZQZYW4y_nUW2SvAALm4--6W655RiDm_rdrRB9G1GdFDT915RljMXW3gsIjmpUF7YtEK2FpOuBhYjZgo6Jr1-xkHNB4bWtvDMLmQgs5HkM1=w408-h306-k-no
Cairo,Schools,مدرسة دولية,مدرسة القاهرة الدولية الحديثة. - Cairo Modern International School,مدرسة القاهرة الدولية الحديثة. - Cairo Modern International School,,,"
1st compound main road, محافظة القاهرة‬ 11865",11865,"
26VP+Q7 قسم قصر النيل","
010 01781924",http://cmsamerican.com/,https://lh3.googleusercontent.com/gps-cs-s/AHVAweqCsF3W1-EIkQucJdb353_c8BTvAGc-vLO7dGOzmShQ22NupQaHN0yPXih8jx0B-Li72-TJPFzrcO9WZScLFEVG6hLCGWipFtoe96K44dBeYY8x7hC4Mn2fjHcMg95dCGxsori0Eg=w408-h544-k-no
Cairo,Schools,مدرسة دولية,مدرسة الكونتننتال القاهرة,مدرسة الكونتننتال القاهرة,,,"
5FV7+M9F, El Obour Rd, العبور، محافظة القاهرة‬ 6361025",6361025,,"
02 44839020",http://www.continental-school.com/,https://lh3.googleusercontent.com/gps-cs-s/AHVAwerfjzCwbGGQ4XYRQ8ucQtH_sjtBVSXJA2ZGKoV-TTNvoyCnmZDCFFbgEHE8dh65HkKrjlXfue81_gu0-HEdJ0z5U9KxhFca8JoaVevB388OhhhbdJFP4B6vMNuYYXFXQwB_foU=w408-h544-k-no
Cairo,Schools,مدرسة دولية,Sahara International School Cairo,Sahara International School Cairo,,,"
5 Seif Al Din Al Mahrany Street، ميدان رمسيس، 11523",11523,"
366X+9H الأزبكية","
02 25903850",http://www.saharaschools.com/,https://lh3.googleusercontent.com/p/AF1QipNyofaAISJgkihCWHjHDvvFIoH8fZvGdrWb8mko=w426-h240-k-no
Cairo,Schools,مدرسة تعليم عام,New Cairo British International School,New Cairo British International School,,,"
2C4C+8WC، 1st District, 3rd Zone، رقم 17، قسم أول القاهرة الجديدة، محافظة القاهرة‬",,,"
02 25657115",https://ncbis.co.uk/,https://lh3.googleusercontent.com/gps-cs-s/AHVAweq3jemr_Khjbg9lQN66vi04OsC7BXzYmG2LZlX0swEjzyoiMYlhHa6DBuu3nJv0feB47Zv5PhPa3h3Aok-5CMHYIatgyTHrDUGjuwLyacIJsWFxD6lxNprr7Ta4YF-VnXkUSKsF3g=w408-h306-k-no
Cairo,Schools,مدرسة كيه-12,مدارس بى كرنك للغات,مدارس بى كرنك للغات,4.1,عدد التعليقات: ٢٥,"
25 لطفي، منشية البكري، قسم مصر الجديدة، محافظة القاهرة‬ 4460037",4460037,"
38Q4+4M قسم مصر الجديدة","
02 22560821",http://www.bkarnak.edu.eg/,https://lh3.googleusercontent.com/p/AF1QipNGwH1XPTpjUr4BewkGujjllnyQjC7qNxlvvUcf=w408-h544-k-no
Cairo,Schools,مدرسة خاصة,مدارس القاهرة الدولية للغات,مدارس القاهرة الدولية للغات,,,"
3958+727، مشروع 17، النادي الأهلي، CAIRO، محافظة القاهرة‬ 4452103",4452103,,"
02 24721556",https://cairoschools.edu.eg/,https://lh3.googleusercontent.com/gps-cs-s/AHVAweqKj6hgUmMiS8-EfFW7S23ICsOvsaFzpoTtPFcfx4FiGDmtzb_yQGXZ_2xD0Da7VuuQEbd0U5Xb5jtojCi7yTI2XtRSPBJ3W2P2GBdMoKNbW_USjpaWNI_Uu_WBYRFOqFtdjjd8=w408-h544-k-no
Cairo,Schools,مدرسة ثنائية اللغة,مدرسة سان شارل بورومى الالمانية,مدرسة سان شارل بورومى الالمانية,,,"
8 شارع محمد محمود، DOWNTOWN، عابدين، محافظة القاهرة‬ 4280031",4280031,"
26VR+49 عابدين","
02 27900088",http://dsbkairo.de/,https://lh3.googleusercontent.com/gps-cs-s/AHVAwerVaS6lQ8lxPk6YJFnUEke0bFCnyUDs8UvuuyO7mjDBvqIktst9NyZ4TBBshtY6a13mupMSAnSSk9HJdFFYYlU1jUJm5KfBVWLZUwgZUwJBNJoocKl2F4IQ84OUnrDmCx0SWxli-Q=w493-h240-k-no
Cairo,Schools,مدرسة خاصة,المدرسة الباكستانية بالزمالك,المدرسة الباكستانية بالزمالك,,,"
29 شارع طه حسين، محمد مظهر، الزمالك، محافظة القاهرة‬ 4271151",4271151,"
3699+7W الزمالك","
02 27372417",,https://lh3.googleusercontent.com/gps-cs-s/AHVAwer638HuXZDqkba_eO2OKGNnhSWFFkORZ1ujrDhe6c2q_ZBo2GR70SUgjS3joBPJB7G6E2BrNPvHXVBVK_VEpkpbPk8Ag8LxMTK-DHq-KMj-fGEQwxaOBvnviVEO-FCb3EovttTImw=w408-h250-k-no
Cairo,Schools,مدرسة لغات,مدرسة منارة المستقبل,مدرسة منارة المستقبل,4.3,عدد التعليقات: ١٨٤,"
X8Q9+JGX, Cairo, opposite Carrefour (Maadi City Centre, Cairo, Steet 33, محافظة القاهرة‬",,,"
02 27296781",,https://lh3.googleusercontent.com/p/AF1QipPEgjAVc3BNLmdtgULF59lk7FK7I07iEthmuse2=w408-h271-k-no
Cairo,Schools,مدرسة خاصة,مدارس منارة مودرن سكول,مدارس منارة مودرن سكول,,,"
294 بور سعيد، St، قسم السيدة زينب، محافظة القاهرة‬ 4290041",4290041,"
27R2+44 قسم السيدة زينب","
010 28116049",https://linktr.ee/Manaraschoolsaidazeinab?utm_source=linktree_profile_share&ltsid=8dcdfd68-7812-4d13-8faf-9bd97287ae3c,https://lh3.googleusercontent.com/p/AF1QipPP0SLPQ18J2yw-7eek_3uYeiBGpLBRzGkI_D4F=w408-h414-k-no
Cairo,Schools,مدرسة دولية,City International Schools,City International Schools,,,"
130 محور 26 يوليو, St، الزمالك، محافظة القاهرة‬ 11211",11211,"
3669+CP الزمالك","
02 27380124",http://cisegypt.edu.eg/,https://lh3.googleusercontent.com/0QYQuXFg43HWD0Sth6DTsWLafEU1JWi1EhgGfpuw1PbqHxha8UMBXltKTvDboSaJ=w408-h306-k-no
Cairo,Schools,مدرسة خاصة,مدرسة كونكورد الدوليه,مدرسة كونكورد الدوليه,,,"
6FV8+65G، أحمد بن طولون، العبور، محافظة القاهرة‬،، العبور",,,"
012 28847763",,https://maps.gstatic.com/tactile/pane/default_geocode-2x.png
Cairo,Schools,مؤسسة تعليمية,مدرسة دار التربية,مدرسة دار التربية,3.8,عدد التعليقات: ١٠٦,"
24 شارع إسماعيل محمد، محمد مظهر، الزمالك، محافظة القاهرة‬ 4271141",4271141,"
367F+27 الزمالك","
02 27360472",https://dareltarbiah.edu.eg/,https://lh3.googleusercontent.com/gps-cs-s/AHVAwerQzFIw9S2-aDVfbX464syGbD2YPouqCRg0SmeG6y0Zws9K0Clv6SwZdB3EErMoXXU-71bppKrIRlsPGb5ITspLDq7hW2rVJ4Ib6o0qeBxAK8M3i4RBesXGWaO1J2Q3vdygvRNy=w408-h544-k-no
Cairo,Schools,مؤسسة تعليمية,المدرسه الإنجليزيه الحديثه بالقاهرة,المدرسه الإنجليزيه الحديثه بالقاهرة,4.3,عدد التعليقات: ١٣٠,"
قسم أول القاهرة الجديدة، محافظة القاهرة‬ 11835",11835,"
2CFF+R8 قسم أول القاهرة الجديدة","
02 26189600",http://www.mescairo.com/,https://lh3.googleusercontent.com/p/AF1QipNWRIEupx553n_QB3k-9AOwLW8jVwxETtsqMYqw=w408-h272-k-no
Cairo,Schools,مدرسة خاصة,مدرسة القاهرة الاسلامية الخاصة,مدرسة القاهرة الاسلامية الخاصة,,,"
12 off el Zaitoun metro station st.، الزيتون الغربية، قسم الزيتون، محافظة القاهرة‬ 4521342",4521342,"
4856+QG قسم الزيتون","
02 22505243",,https://lh6.googleusercontent.com/9yd9Sm-Tdgd5CdT9T3jjJ1SdBDVv9nUiIQhCGMu8R-okxp5TGZ0Zx-HCGqqP78UO=w493-h240-k-no
Cairo,Schools,مدرسة كاثوليكية,مدرسة الفرير (باب اللوق),مدرسة الفرير (باب اللوق),,,"
20 شارع الشيخ ريحان، الدواوين، عابدين، محافظة القاهرة‬ 11461",11461,"
26RQ+RM عابدين","
02 27960300",http://freresbabellouk.org/,https://lh3.googleusercontent.com/gps-cs-s/AHVAweoTXLGQElbCtROZnkndOumcfPJaowB4JTdlLVRGDYFc_FrZ4sSqjiQT96mtFWIaFdnSCjDKjcwp4_vbblJ8IHyFIBJixy3JjysyT7hW6-35GYo3Pfs7-X-gIUYMJh-GMp9Y5cRY=w408-h306-k-no
Cairo,Schools,كلية,كلية رمسيس للبنات,كلية رمسيس للبنات,4.5,عدد التعليقات: ٣٨٩,"
198 رمسيس، الظاهر، حي الظاهر، محافظة القاهرة‬ 4336143",4336143,"
37CC+22 حي الظاهر","
02 24820853",http://rcgschool.com/Viewer/Default.aspx?Lang=1,https://lh3.googleusercontent.com/gps-cs-s/AHVAweqU8gtR4dEKjmdmLQrFW7AmrZGbwxgC0cZI8LHBZeNi4DlIU8uRHaLIsmafq0hUQnHkEBOLcCymKx3lL-WlUj7DI7DhIq9P7AZ3NWs_tM95bS4x5Z0qf4mBOd19EErkVV27A8QgYOPsYH0=w408-h306-k-no
Cairo,Schools,مدرسة دولية,المدرسة الامريكية الدولية,المدرسة الامريكية الدولية,,,"
2CPC+FC5، Mokattam Orouba Axis، الأباجية، قسم أول القاهرة الجديدة، محافظة القاهرة‬ 11571",11571,,"
02 26188400",http://www.aisegypt.com/,https://lh3.googleusercontent.com/p/AF1QipOwgK-2VakLuLk_tJkeYOpwZ2qiY4CQNaysQ3xM=w564-h240-k-no
Cairo,Schools,مدرسة لغات,المدرسة المصرية للغات,المدرسة المصرية للغات,4.1,عدد التعليقات: ١٥١,"
قسم أول القاهرة الجديدة، محافظة القاهرة‬ 4721110",4721110,"
XCR9+CP قسم أول القاهرة الجديدة",,https://els-egypt.net/,https://lh3.googleusercontent.com/gps-cs-s/AHVAwepmjhBvqH6Nk6UeoJcYmBJZk2zkFZd7fAcoO1pCk62Okd5PK8j8xHG5Ag0dzTRyjb8fi5oRyOSAj434wd-5-Ew3TPHv5jcpsD8uMltF7pg_CKtR9idWB6fO49u8OeNIDs4tfFvQ=w408-h306-k-no
Cairo,Schools,مدرسة كيه-12,مدارس بى كرنك للغات,مدارس بى كرنك للغات,4.1,عدد التعليقات: ٢٥,"
25 لطفي، منشية البكري، قسم مصر الجديدة، محافظة القاهرة‬ 4460037",4460037,"
38Q4+4M قسم مصر الجديدة","
02 22560821",http://www.bkarnak.edu.eg/,https://lh3.googleusercontent.com/p/AF1QipNW5xKpFNXMqYl-ezLLvgac_SHrSvQOHR96QwCk=w408-h544-k-no
Cairo,Schools,مدرسة دولية,City International Schools,City International Schools,,,"
130 محور 26 يوليو, St، الزمالك، محافظة القاهرة‬ 11211",11211,"
3669+CP الزمالك","
02 27380124",http://cisegypt.edu.eg/,https://lh3.googleusercontent.com/0QYQuXFg43HWD0Sth6DTsWLafEU1JWi1EhgGfpuw1PbqHxha8UMBXltKTvDboSaJ=w408-h306-k-no
Cairo,Schools,مؤسسة تعليمية,Rahn Schulen Kairo,Rahn Schulen Kairo,4.3,عدد التعليقات: ١٠٣,"
Plot 15A, Al-Istethmar Region, محافظة القاهرة‬ 11771",11771,"
X8RJ+HW المقطم","
02 27252555",https://egypt.rahn.education/,https://lh3.googleusercontent.com/p/AF1QipMX3zs214uBW8dUlPNtXOludPPpCfiSYa-sgHkx=w408-h271-k-no
Cairo,Schools,مدرسة لغات,مدارس سان رايز الخاصة,مدارس سان رايز الخاصة,3.7,عدد التعليقات: ١٠٨,"
14 بديع خيري، المطار، قسم النزهة، محافظة القاهرة‬ 4470613",4470613,"
4992+CJ قسم النزهة","
02 21806534",http://sunrise-eg.org/,https://lh3.googleusercontent.com/gps-cs-s/AHVAweqqoSUMGQXMY4uweXqn9U8HIQP7XjucF9iv8fpPTr0aapWw8ca8pajBqu5sVnifz7xCo5sjRAcJjH5Y8n5xx2zYVDGyKZZqh0fmmDuG4HNOoKR_-RxGiOj-nWu55WpSudsjdks=w408-h307-k-no
Cairo,Schools,مدرسة خاصة,المدرسة الباكستانية بالزمالك,المدرسة الباكستانية بالزمالك,,,"
29 شارع طه حسين، محمد مظهر، الزمالك، محافظة القاهرة‬ 4271151",4271151,"
3699+7W الزمالك","
02 27372417",,https://lh3.googleusercontent.com/gps-cs-s/AHVAwer638HuXZDqkba_eO2OKGNnhSWFFkORZ1ujrDhe6c2q_ZBo2GR70SUgjS3joBPJB7G6E2BrNPvHXVBVK_VEpkpbPk8Ag8LxMTK-DHq-KMj-fGEQwxaOBvnviVEO-FCb3EovttTImw=w408-h250-k-no
Cairo,Schools,مدرسة دولية,المدرسة البريطانية الدولية بالقاهرة,المدرسة البريطانية الدولية بالقاهرة,,,"
Km 38, Cairo-Alexandria Desert Road, Beverly Hills, 6th of October, 12451",12451,"
3WFX+C8 ثاني الشيخ زايد","
02 38270444",http://www.bisc.edu.eg/,https://lh3.googleusercontent.com/p/AF1QipM8M6AvOWvSbbgSZwKR8NtLh47vcixDAFvhv9-q=w427-h240-k-no
Cairo,Schools,مدرسة خاصة,المدرسة الأوروبية بالقاهرة,المدرسة الأوروبية بالقاهرة,,,"
الشهيد عاطف السادات، عبد الملك بن مروان، قسم أول القاهرة الجديدة، محافظة القاهرة‬",,"
2CGF+56 قسم أول القاهرة الجديدة","
012 27903951",http://www.europaschulekairo.com/,https://lh3.googleusercontent.com/p/AF1QipMCs_d7RtQdL7y_64W-BHjjxONX_Zy3nkwnPYRn=w408-h272-k-no
Cairo,Schools,مدرسة ابتدائية إعدادية,مدارس علم الدين الخاصة للغات,مدارس علم الدين الخاصة للغات,,,"
KASR EL AINY, 47 محمد عز العرب، St, محافظة القاهرة‬ 11865",11865,"
26PM+7R قسم السيدة زينب","
010 66637951",http://www.alameldeenschools.com/,https://lh3.googleusercontent.com/p/AF1QipMjB1Tucl7Xao7AYB8VYKCeQiyBnIJzpng9ec9B=w425-h240-k-no
Cairo,Schools,مدرسة دولية,مدارس الشويفات الدولية,مدارس الشويفات الدولية,,,"
Al Horreya، Fifth Urban Community, New Cairo، محافظة القاهرة‬ 11865",11865,"
2C24+QV قسم أول القاهرة الجديدة","
02 25428777",https://isccairo.sabis.net/,https://lh3.googleusercontent.com/p/AF1QipOA14oa7kujF2At6zu05J0zTwdMitKPXjOX2-zk=w426-h240-k-no
Cairo,Schools,مدرسة لغات,مدارس النصر للغات ESC,مدارس النصر للغات ESC,4.1,عدد التعليقات: ٢٣٥,"
32 أبو بكر الصديق، النزهة، قسم النزهة، محافظة القاهرة‬ 4470104",4470104,"
482M+M5 قسم النزهة","
02 26383262",https://www.easyschools.org/ar/schoolProfile/el-nasr-schools,https://lh3.googleusercontent.com/gps-cs-s/AHVAweoSY3LESdIFvTh7Mq1s9L42hPtWz7zS5KJhS08PbhGwUlfG4b5EY6NvIgNNLpubgbDTMU7Y1jS8fPqVkrBBVa8B6NjKROIHwdHoZULMDhYmsAUkNmQO-H9S2oo-_trsdrabN1PVpg=w408-h543-k-no
Cairo,Schools,مؤسسة تعليمية,مدرسة القاهرة للغات,مدرسة القاهرة للغات,3.6,عدد التعليقات: ٣٧,"
XW8M+HVR، المحور المركزي، قسم أول 6 أكتوبر، محافظة الجيزة 3232007",3232007,,"
02 38371447",https://www.facebook.com/Cairo-Language-School-173999669314228/,https://lh3.googleusercontent.com/gps-cs-s/AHVAwep5IDRFtUk2TZxrstcsoAARe7pXHEpSBioj1QC8TR44DSqDlRuhn1ZvdT4vq8XBuEcQgn1Lyv8YfZapNu4E2K5NcrzpqJTXAOTcG3vhERfPz3mm6YTp8lWKsUY_jvcvrB8BwfSnDQ=w426-h240-k-no
Cairo,Schools,مدرسة لغات,مدرسة سانت فاتيما للغات,مدرسة سانت فاتيما للغات,3.9,عدد التعليقات: ٢٨٧,"
66 إسماعيل القباني، المنطقة الأولى، مدينة نصر، محافظة القاهرة‬ 4450117",4450117,"
385M+QH مدينة نصر","
02 22600961",http://www.stfatima.edu.eg/,https://lh3.googleusercontent.com/gps-cs-s/AHVAwercFD9xEhYRTzCbfXBs6t1OTeC6khNVj0yTvrYvkv_GvsXRDbqwqk0y_4-CuBJIceACgAR4cN-CRGMKDhVBKFd3sGn7X6KVIGS6wOmEaBnYBYMzTHgCt4k0a9XswIggZk3VB5pc=w408-h544-k-no
Cairo,Schools,مدرسة دولية,Cairo American College,Cairo American College,,,"
Midan Digla Maadi، 1 253، قسم المعادي، محافظة القاهرة‬ 11431",11431,"
X75F+GW قسم المعادي","
02 27555555",https://www.cacegypt.org/,https://lh3.googleusercontent.com/p/AF1QipMnYBdC2PKzAq9G8JRA1fnwfM95dL2uwv4f0HUp=w408-h272-k-no
Cairo,Schools,مدرسة لغات,مدارس منارات القاهرة,مدارس منارات القاهرة,4.4,عدد التعليقات: ٥,"
21 ش د. حسن ابراهيم، مساكن المهندسين، مدينة نصر، محافظة القاهرة‬ 4451721",4451721,"
38HV+QJ مدينة نصر","
02 22740309",https://www.easyschools.org/ar/schoolProfile/%D9%85%D8%AF%D8%A7%D8%B1%D8%B3-%D9%85%D9%86%D8%A7%D8%B1%D8%A7%D8%AA-%D8%A7%D9%84%D9%82%D8%A7%D9%87%D8%B1%D8%A9-%D9%84%D9%84%D8%BA%D8%A7%D8%AA,https://maps.gstatic.com/tactile/pane/default_geocode-2x.png
Cairo,Schools,مدرسة كاثوليكية,مدرسة الفرير (باب اللوق),مدرسة الفرير (باب اللوق),,,"
20 شارع الشيخ ريحان، الدواوين، عابدين، محافظة القاهرة‬ 11461",11461,"
26RQ+RM عابدين","
02 27960300",http://freresbabellouk.org/,https://lh3.googleusercontent.com/gps-cs-s/AHVAweoTXLGQElbCtROZnkndOumcfPJaowB4JTdlLVRGDYFc_FrZ4sSqjiQT96mtFWIaFdnSCjDKjcwp4_vbblJ8IHyFIBJixy3JjysyT7hW6-35GYo3Pfs7-X-gIUYMJh-GMp9Y5cRY=w408-h306-k-no
Cairo,Schools,دير,مدرسة الراهبات الفرنسيسكانيات,مدرسة الراهبات الفرنسيسكانيات,4.4,عدد التعليقات: ٤١,"
2 off Clot Bey st.، EL AZBAKEYA، الأزبكية، محافظة القاهرة‬ 4330001",4330001,"
3742+57 الأزبكية","
02 25900528",,https://lh3.googleusercontent.com/gps-cs-s/AHVAweqy539En5WR24qukpL4SV_4iy-POZXZxA_Rxzrg0B-vMk40ohGGzOH1FSxmqqDpSCJyGsZuupqFNwTHdTG2uSlkJzoilTytYcLIfVFKMBOVKqpPuAtrVA-mAHXuRqVXBn11p7Y=w408-h306-k-no
Cairo,Schools,مؤسسة تعليمية,San Arsany Language School,San Arsany Language School,4.4,عدد التعليقات: ٥٥,"
66 الصحافه، العدوية، بولاق، محافظة القاهرة‬ 4312253",4312253,"
365P+9J بولاق","
012 70445554",http://www.starsanyschool.com/,https://lh3.googleusercontent.com/gps-cs-s/AHVAwerb79XthxueJqQ1lOFvJ-3ogoTHKtIVjmDB7QxiGuf-xkZAVWnPwZIJGppd4WT-EMKogwreIdDvmVAqbQ_VJwXSUwFFHeXO5XJFQ7ctFMgUhk1-ByHGgBHEknjnj-ave5hosiQXQ-i_BEA4=w408-h408-k-no
Cairo,Schools,مدرسة كيه-12,مدرسة هارفرد الدولية H.E.C School,مدرسة هارفرد الدولية H.E.C School,4.3,عدد التعليقات: ١٧,"
أمام عمارات، ش آل عثمان متفرع من امتداد حسن المأمون، 29J4+4R5،، الحي العاشر،، مدينة نصر، محافظة القاهرة‬ 11727",11727,"
29J4+4R مدينة نصر","
011 58000294",http://www.hecschool-eg.com/,https://lh3.googleusercontent.com/p/AF1QipM3j9Nv7DNSF3Mg3lyPeybnF_Xihmgp4osRQm2h=w408-h306-k-no
Cairo,Schools,مدرسة لغات,مدرسة قصر الدوبارة الرسمية للغات,مدرسة قصر الدوبارة الرسمية للغات,4.5,عدد التعليقات: ٢٩,"
26QM+7PF، القصر العيني، قصر الدوبارة، قسم قصر النيل، محافظة القاهرة‬ 4272038",4272038,,"
012 20037159",https://www.facebook.com/KasrELDobaraSchool,https://lh6.googleusercontent.com/xHTS7QZljWaI51hNDGLktzdsWjSQ4dz6qMllGjBMfL9vR_IVAb6_rH409dIWQHrC=w426-h240-k-no
Cairo,Schools,مدرسة دولية,مدرسة النيل المصرية - فرع القاهرة الجديدة (حي الأندلس),مدرسة النيل المصرية - فرع القاهرة الجديدة (حي الأندلس),,,"
XGVG+CXC، قسم ثالث القاهره الجديده، محافظة القاهرة‬ 4717730",4717730,,"
011 44251891",,https://lh3.googleusercontent.com/gps-cs-s/AHVAweojdHWi5SFr9sgi4Q0XbhlDCnTtqKnwH-Yrz8EwQASIiSUlo3kQg3rLW4JFoszJQwBoSO3Jw3RSvNt135d7aRKkNlHvcuJd8OzkQTE8uQ_34RAzlJ2yduwxvfh-4YvbZ2XrFhJEYg=w408-h725-k-no
Cairo,Schools,مدرسة لغات,مدرسة طلائع الكمال للغات,مدرسة طلائع الكمال للغات,3.4,عدد التعليقات: ١٣١,"
15 ش الشيخ احمد الدرديرى، الجولف، قسم مصر الجديدة، محافظة القاهرة‬ 4451425",4451425,"
38MM+FJ قسم مصر الجديدة","
02 22908423",,https://lh3.googleusercontent.com/gps-cs-s/AHVAwerFcK2G6S2zQreZepxJu01Uzr0qo_prbztEj_2TxaOkHWck-knDH7_dxCwjjNDNtaZ5V8D53WMvjeFXwPy6Eou1Qxr7DqaLe7WqtIxa497Z4ULQ3rrvo11KiWaeRQ8dPjbU555V=w438-h240-k-no
Cairo,Schools,مدرسة دولية,مدرسة القاهرة الحديثه الدولية,مدرسة القاهرة الحديثه الدولية,,,"
قسم أول القاهرة الجديدة، محافظة القاهرة‬ 4734256",4734256,"
3F46+WF قسم أول القاهرة الجديدة","
02 23442859",http://www.cmsamerican.com/,https://lh3.googleusercontent.com/gps-cs-s/AHVAwepxkRjc7WrYhhTfLKZ54Lu5MNivm6waRo3k5dsUw01PFITu8j9Id-SwjXdyuXH78u9DWx7jG2lR_XJWLAUnyBvV9GLjn3s7guvy_z1b8Lb7u9L-_s4mxlPVfOFA8CEstNGFN8bH=w408-h306-k-no
Cairo,Schools,مدرسة لغات,مدرسة أم المؤمنين السيدة عائشة للغات,مدرسة أم المؤمنين السيدة عائشة للغات,4.3,عدد التعليقات: ٧٢,"
2 متفرع من ش عمار بن ياسر، المطار، قسم النزهة، محافظة القاهرة‬ 4470733",4470733,"
4984+2Q قسم النزهة","
02 26232097",,https://lh3.googleusercontent.com/SqlXrk6_hBIREpL2zFW85jBz7lArS-2AYXosbYcOnYqJYdGhMeZK74f7hQMixyMm=w426-h240-k-no
Cairo,Schools,مدرسة دولية,المدرسة الدولية لتعليم النخبة,المدرسة الدولية لتعليم النخبة,,,"
2F9J+V24، قسم أول القاهرة الجديدة، محافظة القاهرة‬ 4725420",4725420,,"
011 56811885",,https://lh3.googleusercontent.com/gps-cs-s/AHVAweobACXp0lhjsZvtv8KRpQ8bXfNqYcbUcmrAfUt3Tn8jOoFfDmfyGYvoDTVzm4Z1L4796oO8nwCf-9sNq7i5MYClmBLgvAC4UmO8BXGN1q9yyMLgVfxtneRuBN0LIjmRyUplTBKr4A=w408-h272-k-no
Cairo,Schools,مدرسة لغات,مدرسة الجزيرة التجريبية الرسميه لغات,مدرسة الجزيرة التجريبية الرسميه لغات,4.7,عدد التعليقات: ٢٢,"
366F+3P7، عزيز اباظه، محمد مظهر، الزمالك، محافظة القاهرة‬ 4271050",4271050,,,https://madaresegypt.com/ar/Item/2730/%D9%85%D8%AF%D8%B1%D8%B3%D8%A9-%D8%A7%D9%84%D8%AC%D8%B2%D9%8A%D8%B1%D8%A9-%D8%A7%D9%84%D8%AA%D8%AC%D8%B1%D9%8A%D8%A8%D9%8A%D8%A9-%D9%84%D8%BA%D8%A7%D8%AA,https://lh3.googleusercontent.com/gps-cs-s/AHVAwepDOgobnHb1-uywtwqFa_vk8gq9P9NEUq1l6LZtQXC9BxXRrJVXffT-269fdafA1-1lQSlBtI2sHNzsQur-GAhngIwyR4ubgQ9gWKYy1ljQ9eAplvgko5BaaF6jTuY5NXLpiew=w408-h244-k-no
Cairo,Schools,مدرسة لغات,المدرسة المصرية الجديدة للغات,المدرسة المصرية الجديدة للغات,4.0,عدد التعليقات: ٨٦,"
20 ش عبد الرحمن الرافعى، المطار، قسم النزهة، محافظة القاهرة‬ 4470603",4470603,"
487W+RW قسم النزهة","
02 21808748",https://m.facebook.com/New-Egyptian-Language-School-182809405097240/,https://lh3.googleusercontent.com/gps-cs-s/AHVAwerq4ApkEyl2QdqMcOr_WibhEqx4SqU6iZNaQdjo4urnH8N_6LXP4v_4jSNnUDlXmIgQxfmmAkdfFa5VZ3ykDp3PYUfyIvgu39PQLFRt33hA7HGA0Lq61MmIct_TOnkxLRs60blFyp_rCci6=w408-h306-k-no
Cairo,Schools,مدرسة خاصة,مدرسة التربية القومية الخاصة,مدرسة التربية القومية الخاصة,,,"
5 شارع أحمد حشمت، محمد مظهر، الزمالك، محافظة القاهرة‬ 4271141",4271141,"
367C+GQ الزمالك","
02 27370641",https://madaresegypt.com/ar/Item/3025/%D9%85%D8%AF%D8%B1%D8%B3%D8%A9-%D8%A7%D9%84%D8%AA%D8%B1%D8%A8%D9%8A%D8%A9-%D8%A7%D9%84%D9%82%D9%88%D9%85%D9%8A%D8%A9-%D8%A7%D9%84%D8%AE%D8%A7%D8%B5%D8%A9-%D9%84%D9%84%D8%BA%D8%A7%D8%AA,https://lh3.googleusercontent.com/gps-cs-s/AHVAwepEfAVLPApk6eRXilVo_J0EDBkmd5rBhzJVd5TPzFSuCbjpzc5s0OF_hsnyHlVP0oRDdGDVILGnaXEN2H541UOlIHvEG8U-lX8bwDmJ4vf3SXLH-cumuuPlhC1fTWqx5pPDqSuP=w426-h240-k-no
Cairo,Schools,مدرسة ابتدائية إعدادية,Greek Cairo Schools,Greek Cairo Schools,,,"
38WJ+CQJ، عثمان ابن عفان، البستان، قسم مصر الجديدة، محافظة القاهرة‬ 4460322",4460322,,,,https://lh3.googleusercontent.com/gps-cs-s/AHVAweoaj3xjB3lQzhrSqMihrtWG9Z0Pm8DqQDIl6iUUHRRRQBVE1Ncdj-ASo8zD4keo_H8lshT_wA5GQ6kbL_Srmhy6Jdtd3A9kRE5zCFuN3gyVQ7V0bLYeRS57zEeDU_F40LhH9XpTFO2YWpjT=w408-h306-k-no
Cairo,Schools,كلية,كلية رمسيس للبنات,كلية رمسيس للبنات,4.5,عدد التعليقات: ٣٨٩,"
198 رمسيس، الظاهر، حي الظاهر، محافظة القاهرة‬ 4336143",4336143,"
37CC+22 حي الظاهر","
02 24820853",http://rcgschool.com/Viewer/Default.aspx?Lang=1,https://lh3.googleusercontent.com/gps-cs-s/AHVAweqU8gtR4dEKjmdmLQrFW7AmrZGbwxgC0cZI8LHBZeNi4DlIU8uRHaLIsmafq0hUQnHkEBOLcCymKx3lL-WlUj7DI7DhIq9P7AZ3NWs_tM95bS4x5Z0qf4mBOd19EErkVV27A8QgYOPsYH0=w408-h306-k-no
Cairo,Schools,مدرسة لغات,مدارس رمسيس للغات,مدارس رمسيس للغات,3.6,عدد التعليقات: ٣٨,"
37H2+84X، الترعة البولاقية، شبرا، محافظة القاهرة‬ 4343305",4343305,,,https://www.yellowpages.com.eg/en/profile/Ramsis-Language-School/236699,https://lh6.googleusercontent.com/PYYd0CfdiuwN3BPmXNRgQ5ZjeOWp5vZwx076NAcKN0z-uyh55LLUS4RNk72dsn26=w426-h240-k-no
Cairo,Schools,مدرسة دولية,American City International Schools,American City International Schools,,,"
6 شارع محمد ثاقب، أبو الفدا، الزمالك، محافظة القاهرة‬ 4271131",4271131,"
3679+VG الزمالك","
02 27365958",https://cisegypt.edu.eg/,https://lh3.googleusercontent.com/gps-cs-s/AHVAweonG4jOVNizPIa608ycAXzMD-MO56v2RgjZbHJs7US98xGV_adNhXRFP0qSA40T_2662rvL8dgpgJuw1jMPQPR-da0MXIH7RV2MqXw-2PEJngBaSe9saDcwfLXiCGKi0SjIRmpz=w408-h301-k-no
Cairo,Schools,مدرسة خاصة,مدارس التربية الحديثة,مدارس التربية الحديثة,,,"
شارع رقم 2، المنطقة الأولى، قسم أول القاهرة الجديدة، محافظة القاهرة‬ 11835",11835,"
XCXH+FQ قسم أول القاهرة الجديدة","
02 25416292",http://www.mes.edu.eg/,https://lh3.googleusercontent.com/gps-cs-s/AHVAwepvB8e5wucmtgLO5JomuLQt_evuD0McA1UIjOtVS6q6gWkolUK2y3RqSyTQaIuigTuC04qhal9NLNB3-kiJ-nkbdL8H14jNfhVlomvhVyj6kNgOyPAOzbFmZIs6VWdSHZ1N22jVhvQe-4Hu=w408-h306-k-no
Cairo,Schools,مدرسة خاصة,مدارس طلائع القاهرة الخاصة,مدارس طلائع القاهرة الخاصة,,,"
477R+2FJ، الجيش، الأميرية الشمالية، الأميرية، محافظة القاهرة‬ 4512144",4512144,,"
011 00393956",,https://lh6.googleusercontent.com/pVC8V695dndeXV-jjbYOppHD0JYf92wFRO1jdq8zdQWp4zkIsCNeJsAy92fCH64I=w493-h240-k-no
Cairo,Schools,مدرسة ثانوية مهنية,مدرسة جلال فهمى الفنية المتقدمة,مدرسة جلال فهمى الفنية المتقدمة,3.7,عدد التعليقات: ٥٨,"
4722+Q3Q، منية السيرج، الساحل، محافظة القاهرة‬ 4354129",4354129,,,https://madaresegypt.com/ar/Item/6761/%D9%85%D8%AF%D8%B1%D8%B3%D8%A9-%D8%AC%D9%84%D8%A7%D9%84-%D9%81%D9%87%D9%85%D9%89-%D8%A7%D9%84%D9%81%D9%86%D9%8A%D8%A9-%D8%A7%D9%84%D9%85%D8%AA%D9%82%D8%AF%D9%85%D8%A9-%D8%A7%D9%84%D8%B5%D9%86%D8%A7%D8%B9%D9%8A%D8%A9,https://lh3.googleusercontent.com/gps-cs-s/AHVAweoTR90dPW2Rh2c7eGVgpfHbkumVDP9VfadVRlbs9SJuQ8cfL_WMtp6HER-F9Q1xYPHYAHpQdvo6Nnd68gJS9tpmrVW3jacZf22P5WERCntY9wZm4SIc8d1D30y1h3h460qpTc4Zfg=w426-h240-k-no
Cairo,Schools,مدرسة عسكرية,المدرسة السعيدية الثانوية بنين,المدرسة السعيدية الثانوية بنين,4.3,عدد التعليقات: ٢٠٣,"
26F6+C96، أولى، قسم الجيزة، محافظة الجيزة 3725004",3725004,,"
02 35715414",,https://lh3.googleusercontent.com/gps-cs-s/AHVAweqeUshPEpcE2rrRYtkzACabMLr7rPSLeODcdv9M9Rqz0nOQztR6c3Z83DSlDD4zn6ZXsWkDer3kIvqsEQjkqLkk4Tg9wJDX8lcei1V6pei8gfPEbGKXoyrNFBowaGUKYYUWrcWONA=w408-h306-k-no
Cairo,Schools,مدرسة دولية,EIS المدرسة المصريه الدوليه بالتجمع الخامس,EIS المدرسة المصريه الدوليه بالتجمع الخامس,,,"
XCXJ+8X8، قسم أول القاهرة الجديدة، محافظة القاهرة‬ 4722511",4722511,,"
015 53192212",http://eis-tagamo3.org/,https://lh3.googleusercontent.com/gps-cs-s/AHVAwerog2SmWdFFfdXwmRHChnpi90SiuzDYAArLF0yaUFUyGyop6Qx6pDq09lEMKxglbTDXbahmRp2lvxEeIraztwv812PGvHvHX2wiVqMg3YnUUqTBV4rwM58ffhSZ1HbuCHCnpXZV=w408-h725-k-no
Cairo,Schools,مَعلم تاريخي,مدرسة وقبة الصالح نجم الدين أيوب,مدرسة وقبة الصالح نجم الدين أيوب,4.7,عدد التعليقات: ١٢٢,"
27X6+MG8، المعز لدين الله الفاطمي، الجمالية، قسم الجمالية، محافظة القاهرة‬ 4331311",4331311,,,https://egymonuments.gov.eg/en/monuments/madrasa-and-mausoleum-of-al-salih-nagm-al-din-ayyub,https://lh3.googleusercontent.com/gps-cs-s/AHVAwepbb7gsdyq5ECbpDaSU1Lq1_XAZdJ_FfxNlamWdybXIhJW6DEt5LeRIKjftF8bp23xOETRsuzzqrvEDbgN69VOVs5uxrh6KnXQPDf9jbaKxUS3nnZrVhUn4GIQ0kQPPuQzhBsspqymiajrc=w408-h306-k-no
Cairo,Schools,مدرسة لغات,مدرسة سويت هوم للغات,مدرسة سويت هوم للغات,4.2,عدد التعليقات: ٣٢,"
3 El Daramally St، شبرا، محافظة القاهرة‬",,"
36FW+49 شبرا","
02 24313009",https://m.facebook.com/pages/category/Private-School/El-Nile-Sweet-Home-Language-School-192075764504865/?locale2=ar_AR,https://lh3.googleusercontent.com/gps-cs-s/AHVAwerZMWmHs4B9RrGmtY21ixr6Fo7erDKWYRJAHX_EOgsVZ9OWjg_8OkYGrCXZNBijKUQWOHA35oZibTGIz_qOXGeoU-g8XrQLi2J712dY51ZPqZgF1YAjJ0B8I2oZ3b70GdixoXEx=w408-h306-k-no
Cairo,Schools,مدرسة ثانوية مهنية,مدرسة القاهرة للغزل والنسيج,مدرسة القاهرة للغزل والنسيج,4.3,عدد التعليقات: ٨,"
36MR+8W7، ساحل الغلال، الجزيرة الجديدة، الساحل، محافظة القاهرة‬ 4351014",4351014,,,http://www.elfagr.com/3064173,https://lh3.googleusercontent.com/gps-cs-s/AHVAweqXO7VccODI5RZbaXsmYPmxKnX2nsYNxNo0XcA6lGlFl2LxHyw7dbOztXf9z3TgI_beluEci2ilkD489LYuISHFj28_X3ZsuJZKI0BHE7nTqu3F4C4MHostZy2z2JdmUPPO6Z91=w408-h884-k-no
Cairo,Schools,مَعلم تاريخي,المدرسه الكامليه,المدرسه الكامليه,4.8,عدد التعليقات: ١٦,"
مسجد السلطان الظاهر برقوق، المعز لدين الله الفاطمي، الجمالية، قسم الجمالية، محافظة القاهرة‬ 4331156",4331156,"
3726+5F قسم الجمالية",,,https://lh3.googleusercontent.com/gps-cs-s/AHVAweplRwNNYiH6nL67rzyI6AaxpaFFtcXSdxSAbi8g1eCediPcjGdtSYTLwgcCEPGJwWVWA4T9UQUNU-v1KRUUUjgb0gUA6-YbS24-dXZO88Ki6RST-h9Rar31JgtNXyXUwT1fQg6EyQ=w408-h544-k-no
Cairo,Schools,مدرسة خاصة,مدرسة الأمريكان المصرية الخاصة,مدرسة الأمريكان المصرية الخاصة,,,"
68 ش سيدى المظلوم، الشرابية، القاهرة، محافظة القاهرة‬ 4360312",4360312,"
37G5+GH الشرابية","
02 22349588",https://madaresegypt.com/ar/Item/1292/%D9%85%D8%AF%D8%B1%D8%B3%D8%A9-%D8%A7%D9%84%D8%A3%D9%85%D8%B1%D9%8A%D9%83%D8%A7%D9%86-%D8%A7%D9%84%D9%85%D8%B5%D8%B1%D9%8A%D8%A9-%D8%A7%D9%84%D8%AE%D8%A7%D8%B5%D8%A9,https://lh3.googleusercontent.com/gps-cs-s/AHVAwerd_IVUZxzd9mDoMgzKwOUFaYOiCaJAP2MYemmr8DeJfW6nKl4SKBc1Y10syGQWulXiEqSGJ3L04Ecdnh-4KKvSoKdKKLc5Jtr4U2WS9OrQi9DkUqHq0dpKNOlNuuG_mSYfC0c=w408-h306-k-no
Cairo,Schools,مدرسة دولية,مدرسة بورسعيد الأمريكية,مدرسة بورسعيد الأمريكية,,,"
25 شارع طه حسين، محمد مظهر، الزمالك، محافظة القاهرة‬ 4271151",4271151,"
3699+2X الزمالك","
010 01764348",https://www.edarabia.com/123380/port-said-american-school-cairo-egypt/,https://lh3.googleusercontent.com/gps-cs-s/AHVAweriW1v7cgBXmEmXFheroK1EDiFw9q-S1DvWc-zREMAaEUSHJ_ciaPXN2Gu98lvfRn0yH4zJVGzsiYbNncN5JTrXYXpXUgWp5XlwqP_HqAyN8xxiXkn1TPf1mJM5S9HcbcdK8ow=w480-h240-k-no
Cairo,Schools,مدرسة إدارة فنادق,مدرسة الدرب الاحمر الفندقية المتقدمة,مدرسة الدرب الاحمر الفندقية المتقدمة,4.9,عدد التعليقات: ١٨,"
31 الشهيد منصور، الدرب الأحمر، محافظة القاهرة‬ 4290213",4290213,"
27R2+2W الدرب الأحمر","
011 57758365",https://www.albawabhnews.com/3295858,https://maps.gstatic.com/tactile/pane/default_geocode-2x.png
Cairo,Schools,مدرسة كيه-12,المدرسه الكنديه,المدرسه الكنديه,4.2,عدد التعليقات: ١٩,"
96-98 157، المنطقة السادسة، قسم أول القاهرة الجديدة، محافظة القاهرة‬ 11835",11835,"
2C2G+JJ قسم أول القاهرة الجديدة","
010 66663313",https://cise-egypt.com/,https://lh3.googleusercontent.com/gps-cs-s/AHVAweqBfXhq-rF0FN1zAdh1XBPpF63vsBSIvyjY2uSJQKN3y2BYYSA9lcKJ8pBwbchszb_F-3_hmIcXvH0Tlpp-tlQjX4N7ppyU-FvkYQvKcNzaPbBYKqm7brK0BIAaDnGIqsRn7qAy=w408-h544-k-no
Cairo,Schools,مدرسة حكومية,مدرسة الزمالك القومية المشتركة,مدرسة الزمالك القومية المشتركة,,,"
3 شارع سيد البكري، محمد مظهر، الزمالك، محافظة القاهرة‬ 4271050",4271050,"
365F+RH الزمالك","
02 27357824",,https://lh3.googleusercontent.com/gps-cs-s/AHVAweoyAKEyct4zuWO3dssb9nWtAXWXP8sl7RZ8bkhCCRz5Fu5J8CSEs_L4hpeEWunG6-kTQoWJRYeJA4UDXP7JVc-zlbgWGe2rv7ytcxpmmO4w2z_uTkqxBE1kBy4tZFhgEMMxaRms=w408-h305-k-no
Cairo,Schools,مدرسة دولية,Roots School,Roots School,,,"
عمارات مدينة الفتح، الحديقة الدولية، مدينة نصر، محافظة القاهرة‬ 4441114",4441114,"
28PQ+37 مدينة نصر","
011 54443560",http://www.rootsschools.education/,https://lh3.googleusercontent.com/p/AF1QipNXFbjjDGi7ef-MlIwn3RLEBWCQ7zeMvRrFGgEz=w425-h240-k-no
Cairo,Schools,مدرسة تعليم عام,مدرسة مصر الدولية,مدرسة مصر الدولية,,,"
rd. 90، قسم أول القاهرة الجديدة، محافظة القاهرة‬ 4723412",4723412,"
2C7P+WW قسم أول القاهرة الجديدة","
02 25647038",http://isegypt.org/,https://lh3.googleusercontent.com/p/AF1QipM-AggZxCRa7d_9Qv2HTnAHfMAMEm3IlItkRWEN=w408-h294-k-no
Cairo,Schools,مدرسة ثانوية,مدرسة القاهرة الثانوية الصناعية بنات,مدرسة القاهرة الثانوية الصناعية بنات,,,"
X6XM+G44، حارة عشماوي، كوم غراب، قسم مصر القديمة، محافظة القاهرة‬ 4242340",4242340,,"
02 23641563",https://www.yellowpages.com.eg/ar/profile/%D9%85%D8%AF%D8%B1%D8%B3%D8%A9-%D8%A7%D9%84%D9%82%D8%A7%D9%87%D8%B1%D8%A9-%D8%A7%D9%84%D8%AB%D8%A7%D9%86%D9%88%D9%8A%D8%A9-%D8%A7%D9%84%D8%B5%D9%86%D8%A7%D8%B9%D9%8A%D8%A9-%D8%A8%D9%86%D8%A7%D8%AA/362444,https://maps.gstatic.com/tactile/pane/default_geocode-2x.png
Cairo,Schools,مدرسة دولية,مدرسة سبأ الدولية,مدرسة سبأ الدولية,,,"
٢ الدكتور محمد عبده السعيد، الدقي، قسم الدقي، محافظة الجيزة 3751220",3751220,"
26R4+4C الدقي، قسم الدقي","
010 98348998",,https://lh4.googleusercontent.com/HxBzIBpnoRHROF_3Q7YVosEAUk8eF7WldVLS0369ZF7J4FTPb26-qPkhX2JqTZos=w493-h240-k-no
Cairo,Schools,مدرسة خاصة,مدارس اخناتون المصرية للغات,مدارس اخناتون المصرية للغات,,,"
82 Axis، قسم أول القاهرة الجديدة، محافظة القاهرة‬ 4723007",4723007,"
2C67+2Q قسم أول القاهرة الجديدة","
010 63551099",http://www.akhnatonschools.com/,https://lh3.googleusercontent.com/gps-cs-s/AHVAweroJB9U8J5inKPKXeG6hYOLS3EE9an_btJ2wjapVuTsVHohy7aveS8FuHVIdKIKJ47g3uniC3jsz7NQlIl98x5urT44OOloYZo6-qhGQyvpmhOm7MS0FN_f3MmMKxnrgQYL1_tsTw=w408-h305-k-no
Cairo,Schools,مدرسة لغات,مدرسة سانت كاترين للغات,مدرسة سانت كاترين للغات,4.1,عدد التعليقات: ٢٨,"
38 شارع المستشفي، الترعة البولاقية، شبرا، محافظة القاهرة‬ 4343211",4343211,"
37F2+M5 شبرا","
02 22310553",https://stcatherine-edu.com/,https://lh3.googleusercontent.com/gps-cs-s/AHVAweppwWvO0ykvECubElJxP2DC_2CQTEVDmXGwi7KI7Jv3vS7vPCEaDVR4RPA3RY5vEhMDCyyCh1_Io44Lt2qMduAhAmcQL00vqtnQumaq3EPOJ39ZL3cqXsmO7_z_pNuqOt6efkAK=w408-h680-k-no
Cairo,Schools,مدرسة دولية,مدرسة قايتباي الدولية الجديدة,مدرسة قايتباي الدولية الجديدة,,,"
Suez Road Beside Badr university , Badr City Cairot, محافظة القاهرة‬ 11829",11829,"
4PJ5+PC بدر","
010 17588887",http://www.newqaitbay.com/Admission,https://lh3.googleusercontent.com/gps-cs-s/AHVAweris0ssQV5M6pHY1XCNQDZSCsW4CMYsItIPYR9ZpLmu6GNJy6gMuDlAWu9FA20PpCpYj27GRJGSUUXYzMcEnf3FR_OVbmCvoLl4keuPO8viPoI7arqBZportl-S7C-6ajmKDoui=w426-h240-k-no
Cairo,Schools,مدرسة تعليم عام,مدارس مودرن سكول الحلمية,مدارس مودرن سكول الحلمية,,,"
عين شمس، حلمية الزيتون، قسم عين شمس، محافظة القاهرة‬ 4540003",4540003,"
4878+JM قسم عين شمس","
010 94400095",,https://lh6.googleusercontent.com/XROFKY16TBCbhe1nEDgCnfP5fB3Vr5fRTFUxZR_yIof_EMhmhYIQNFhL0ZQpqB5GiA=w493-h240-k-no
Cairo,Schools,سوق,سوق شنط المدارس,سوق شنط المدارس,4.1,عدد التعليقات: ١٣٦,"
27X2+GQG، كوم الشيخ سلامة، غيط العدة، الموسكى، محافظة القاهرة‬ 4283145",4283145,,"
010 15547600",,https://lh3.googleusercontent.com/gps-cs-s/AHVAweqiSxLAdInXKDbI5Ue-weI02eH6SXFYVHKtRUZhcnAt3c8p4x0XJtfb5xYPaYhryi-7aZPncF-EqiUSED65C5f1fMUCqrNwJQH_ToOwVR2gLMN8xt_azD7gflkbI-TX1gAgHlTW=w423-h240-k-no
Cairo,Schools,مدرسة خاصة,مدرسة المجلس الأفريقي للتعليم الخاص فرع القاهرة,مدرسة المجلس الأفريقي للتعليم الخاص فرع القاهرة,,,"
26R6+2P4، التحرير، الدقي، قسم الدقي، محافظة الجيزة 3753010",3753010,,"
011 23299848",,https://lh3.googleusercontent.com/gps-cs-s/AHVAwer34ZBnrgI7xyV2THg4ODF1doLN-nAQfcOicxVmOGm28K1sV3wOhaOc5oqZ516q8qEP07_7TAiR5hpL7KSbjje-yeeLxfXRWaVbXGCKKF-5iBysy0n6YIwsa-Yrjut1x9y0vRUO3HU_luBT=w408-h725-k-no
Cairo,Schools,مدرسة لغات,مدرسة منارة الإيمان للغات,مدرسة منارة الإيمان للغات,3.6,عدد التعليقات: ١٣٦,"
End of, شارع مصطفى النحاس، مدينة نصر، محافظة القاهرة‬ 11765",11765,"
392G+WJ مدينة نصر","
010 06027041",,https://lh3.googleusercontent.com/gps-cs-s/AHVAweopTrSqJXlvyNKpU3ABuqyFy3v0EwNh_SsgSIgiVslex8vVtkNsGx1B4tRaTufH0-jVVHCzVLvVAY2TELqaWCIOYmor3lrP8TIdckajIZCKoqj1FrTNqO3YIO5YGRET4qoRF3gt=w408-h306-k-no
Cairo,Schools,مدرسة كاثوليكية,مدرسة القديس يوسف بالزمالك,مدرسة القديس يوسف بالزمالك,,,"
5 Ahmed Sabry St، محمد مظهر، الزمالك",,"
366C+P4 الزمالك","
02 27351567",,https://lh5.googleusercontent.com/4FAgxf86sjvCofc38FDzgzPhCaC4SKW_Zjh2PzgxqeQ3d-uLwR-96lnezd58UFip=w408-h306-k-no
Cairo,Schools,مدرسة دولية,مدرسة مانشستر الدولية,مدرسة مانشستر الدولية,,,"
Service Zone Behind the Police Academy, قسم أول القاهرة الجديدة، محافظة القاهرة‬ 4733210",4733210,"
2FX2+2P قسم أول القاهرة الجديدة","
02 23456031",https://www.manchester-international-school.com/,https://lh3.googleusercontent.com/p/AF1QipOCt8uqJC08uQQNwIP_I4qfugGRobYZLDUK01We=w408-h272-k-no
Cairo,Schools,مدرسة خاصة,مدرسة آمون الخاصة بالزمالك,مدرسة آمون الخاصة بالزمالك,,,"
31 شارع يحيي إبراهيم، محمد مظهر، الزمالك، محافظة القاهرة‬ 4271051",4271051,"
366F+CH الزمالك","
02 27356572",,https://lh3.googleusercontent.com/gps-cs-s/AHVAwepEbtsd47PnTqq9wuXpqVHeOk3q2Gw6UZOGB1mPVB3lBItNrOWGMG18YPwTTaa7qijXbSldRg6Dr3k7RNzgbOERSktQyQ2rfSEqLKTSDosaoV2ushwSkxoTtC8jNyrR5ZLtojMq=w408-h544-k-no
Cairo,Schools,مدرسة دولية,مدرسة ليسيه بالزاك الدوليه,مدرسة ليسيه بالزاك الدوليه,,,"
التسعين الشمالي، قسم أول القاهرة الجديدة، محافظة القاهرة‬ 4731101",4731101,"
2CCF+R7 قسم أول القاهرة الجديدة","
02 25379358",http://www.lyceebalzac.com/,https://lh3.googleusercontent.com/gps-cs-s/AHVAweowSIucAHVvZl17-KizGiNSxidt-IZGckX37eCHsIzHP1AohaHHhaF4BNAkVoEvNge9ztTNfnCjffM12YiVDTAt2zGWo_L3zlcqyt34aP-IHGVUd-MWxDfvkEG5sr-Z9NzEWgTyAg=w408-h306-k-no
Cairo,Schools,مدرسة دولية,مدرسة القاهرة الدولية للغات,مدرسة القاهرة الدولية للغات,,,"
ش البراجيل، البراجيل، الجيزة، محافظة الجيزة 3654470",3654470,"
35F8+P9 البراجيل، مركز أوسيم","
02 37080034",,https://lh3.googleusercontent.com/gps-cs-s/AHVAweqETVE23WgTih1NVaFp8B3N150e8OWzbY3nSvSq0p1ah9Btk6tpiu1nQzc8ypE5XV0Hi13OjsBD_1YnuORVJllv-x5iSyeMUzXMKaRO-SsV9KodD-R-FzOX57f-8R0cQ4llIWcm=w408-h906-k-no
Cairo,Schools,مدرسة لغات,مدرسة الفارابي للغات,مدرسة الفارابي للغات,4.0,عدد التعليقات: ١٧٩,"
XCXF+53F، قسم أول القاهرة الجديدة، محافظة القاهرة‬ 4722282",4722282,,"
02 24518000",http://www.farabii.com/,https://lh3.googleusercontent.com/gps-cs-s/AHVAwepd2eCRxZBy4AcVEt8rAwjhptj4s2nVKeAH1QkTAwzmnesLDqtzVeDLBW_TgbyNL1d9AMWEl-qVkueQNYPzTST3ufsxy2c4yStP-Fyl3MuRpe_hh_4qvC8wJIf30MggAUh4HNoX=w408-h261-k-no
Cairo,Schools,مؤسسة تعليمية,مدرسة النيل الرسمية للغات,مدرسة النيل الرسمية للغات,4.7,عدد التعليقات: ١٦,"
365H+MQJ، عشش النحل، بولاق، محافظة القاهرة‬ 4311011",4311011,,"
011 52636384",,https://lh3.googleusercontent.com/gps-cs-s/AHVAwepwdhmkzK0LVIFPZs-7UB4hRIRRN_8n7DDJenWu16hfi79Lu4fHWG8r1KxkYtvNLkUpg6LLf-gpgzOMSZOHS_5-JZcvddgBkb_KaPHokODkweEXljFj6oFqFtXSjIG8YoggpKul=w408-h306-k-no
Cairo,Schools,رياض أطفال,Baby Garden Language School,Baby Garden Language School,3.8,عدد التعليقات: ٣٩,"
5 منصور، خيرت، قسم السيدة زينب، محافظة القاهرة‬ 4262130",4262130,"
26PQ+97 قسم السيدة زينب",,,https://lh3.googleusercontent.com/gps-cs-s/AHVAwepYVZbhCCnRvV44AY0DxsrVJXfBry5l94IzaNEBSTgWV7kYlEfapbmrfy6VVPQKttE2WlI8ccmD4L6eEzEbJm58f7VZPeG7rS2DEQwU4fI48YRr0WmdAQI1YWl3j9upa6p9Ohye=w426-h240-k-no
Cairo,Schools,مدرسة كيه-12,Prime International School,Prime International School,4.9,عدد التعليقات: ٨,"
New Cairo- North Investors area Cairo",,"
2FRR+VW قسم أول القاهرة الجديدة","
011 01550955",http://primeschool-eg.com/,https://lh3.googleusercontent.com/p/AF1QipO7ASKrJrYnxT4w-2E6AczTkRhQIrqSgS9EJQJV=w408-h271-k-no
Cairo,Schools,مدرسة خاصة,مدارس القائد الخاصة,مدارس القائد الخاصة,,,"
3 ش ابراهيم النجار، المطار، قسم النزهة، محافظة القاهرة‬ 4470721",4470721,"
485X+R7 قسم النزهة","
02 21810613",http://alaoula-a-d.blogspot.com/,https://lh3.googleusercontent.com/gps-cs-s/AHVAweo1sLXYIBhElSOgGxPmtwBCJVbsFc9w7-ORMQWQvXFIDgqmFBg_YkVBPYCMlm1ewZxZR6kzO8F0qKSLJ9teK_33C876Hj2vCALfvQWJAqTl57ky4Op5fztr7xf7ltHp2277W9WTCw=w408-h271-k-no
Cairo,Schools,مدرسة لغات,مدرسة الشمس الرسمية للغات,مدرسة الشمس الرسمية للغات,4.1,عدد التعليقات: ٣٥,"
17 درب الشمس, st، قسم السيدة زينب، محافظة القاهرة‬ 4263061",4263061,"
26JW+J5 قسم السيدة زينب","
02 23910877",https://madaresegypt.com/ar/Item/2229/%D9%85%D8%AF%D8%B1%D8%B3%D8%A9-%D8%A7%D9%84%D8%B4%D9%85%D8%B3-%D8%A7%D9%84%D8%AA%D8%AC%D8%B1%D9%8A%D8%A8%D9%8A%D8%A9,https://lh3.googleusercontent.com/gps-cs-s/AHVAweoN5SFHw0bW1E9B3BMeTE7Kx11HK6JkPCqvnJrTdVVZmjtI5rQ_HYWW24cc6--NKdyK9OvvSgqvy7eWFLW_8JMzaHE2_Jm5mNGVzAB7CS0Iugi0Z8RY0EDJl8qnyKNZP0ZrLog=w408-h725-k-no
Cairo,Schools,مدرسة دولية,Princeton International School,Princeton International School,,,"
قسم أول القاهرة الجديدة، محافظة القاهرة‬ 4726032",4726032,"
2F3Q+MV قسم أول القاهرة الجديدة","
011 55606565",https://www.princetoninternationalschool.net/,https://lh3.googleusercontent.com/gps-cs-s/AHVAwer47-zsfZvFNZ_FwbW3SqwNCJsDCZ7rzgWWCr-ZtmMh8acdM8hjvH7pxyhsDwwN1zc4cm8SVPe5W9BNRxLvve9nvYptKMTxmK74T4JTpWQa1KwDxV_NwmgXUDnQhcxa1AIRQqC_5g=w408-h272-k-no
Cairo,Schools,مدرسة دولية,British Modern School - BMS,British Modern School - BMS,,,"
طريق السويس، بدر، محافظة القاهرة‬ 4942301",4942301,"
4P82+FW بدر","
011 29991254",http://bms-modernschool.com/,https://lh3.googleusercontent.com/p/AF1QipNnFDBhwi0_ILYHYr8F_kLOaCLSvHr3rksUpZzb=w408-h271-k-no
Cairo,Schools,مدرسة ثانوية مهنية,مدرسة بنبا قادن الثانوية الصناعية بنين,مدرسة بنبا قادن الثانوية الصناعية بنين,3.9,عدد التعليقات: ١٢,"
26PX+2GX، الأباجية، الخليفة، محافظة القاهرة‬ 4290043",4290043,,,https://madaresegypt.com/Ar/Schools/%D9%85%D8%AF%D8%A7%D8%B1%D8%B3-%D8%A7%D9%84%D8%B3%D9%8A%D8%AF%D8%A9-%D8%B2%D9%8A%D9%86%D8%A8,https://lh3.googleusercontent.com/gps-cs-s/AHVAweqWVnUovqNJhEXbNASbJ1Xk9AUENB0yQNDD5AREzAy7s4MKFpf3DYaMZOjMmjLYzAG6JBOfAjp2EB-pjvuYg3BJrIRiBNsoXIyB4nCIbAWEZXv6oIjPLH8ZP6eVhn78vKol1yJzXRAs30Dc=w408-h544-k-no
Cairo,Schools,مدرسة دولية,مدرسه بداية الدولية,مدرسه بداية الدولية,,,"
2FP8+GVQ، قسم أول القاهرة الجديدة، محافظة القاهرة‬ 4735022",4735022,,"
011 19009727",http://www.bedayia.com/,https://lh3.googleusercontent.com/gps-cs-s/AHVAweq1y35oka7Q_uzpbB_KYUhgo6JRBSmCiqgIl0sBTB1rEAwCDs3-ay4jp1Pd4YwL68DSC5GNAJ3J1AM_kOz7erBO5WVSVZ3pyGjRItflMS3Tlb8OAy04o_eTrsuZBQi_RJDgU_gq=w408-h306-k-no
Cairo,Schools,مدرسة لغات,يحيى الرافعي التجريبية للغات,يحيى الرافعي التجريبية للغات,3.7,عدد التعليقات: ٤٧,"
مدرسة نور وسلمي العروبة امام نادى الجلاء، النزهة، قسم النزهة، محافظة القاهرة‬ 11341",11341,"
38WV+M8 قسم النزهة","
02 22916332",,https://lh3.googleusercontent.com/gps-cs-s/AHVAweq1g5r_e40qwjAssWW7EcECj5yXEQXPQPB4nAiXcnjuXIWrtHjZ7Jt0f6FePklW5H_Ay_rTqYayIyKAZd3c25BrYEpZhMPXP8Q6bS3_mnY8Lups7JU70tb4ov1OVuoU5tpt27pOFg=w426-h240-k-no
Cairo,Schools,مدرسة خاصة,مدارس حسنى العقاد الخاصة,مدارس حسنى العقاد الخاصة,,,"
4 sedqy st.، EL SAYEDA ZEINAB، الدرب الأحمر، محافظة القاهرة‬ 4290030",4290030,"
26MX+6H الدرب الأحمر","
02 23905394",,https://lh3.googleusercontent.com/1w-_igYOIAZ6gwjqPxaODCOWqiETwuWN_0eXZGLAUaqcEEzqQVdNX75_1bbid7rMyw=w408-h306-k-no
Cairo,Schools,مدرسة كاثوليكية,مدرسة الراهبات الفرنسيسكانيات,مدرسة الراهبات الفرنسيسكانيات,,,"
26XP+75C، شارع محمود بسيوني، الإسماعيلية، قسم قصر النيل، محافظة القاهرة‬ 11311",11311,,"
02 25752026",,https://lh3.googleusercontent.com/gps-cs-s/AHVAwepCcK8GOL7uYsMbx1AItXIx7uWUGYxMXz5pTX2oEu4ZBlPVJRCZsEqGZ4td87WdgvtJDpdGYUthIIgjnh1-WUQXz36UjVhV8XM_SFmfklMWK0sGyiX0BiNjYb7nb_6RXArrtH6R=w408-h306-k-no
Cairo,Schools,مدرسة دينية,مدارس الرضوان الإسلامية الخاصة,مدارس الرضوان الإسلامية الخاصة,,,"
28VG+PW6، الخليفة الظافر، الحي السابع، مدينة نصر، محافظة القاهرة‬ 4432050",4432050,,"
02 23846511",,https://lh5.googleusercontent.com/1GqWPznc5zk1HV2C-L6UR0MeF-gww59eHR2kxLmxzeYytpjCbxEVtNny0ZDe_Qs=w408-h306-k-no
Cairo,Schools,مدرسة لغات,مدرسة المحمدية الرسمية للغات,مدرسة المحمدية الرسمية للغات,4.8,عدد التعليقات: ١٨,"
27P3+R7V، الحلمية الجديدة، الدرب الأحمر، محافظة القاهرة‬ 4290203",4290203,,"
02 23900836",https://eg.jeeran.com/p/el-mohamadeya-experimental-language-school-cairo/,https://lh3.googleusercontent.com/cYosLR7REcywCcE3kAESqZxjra2rCX04QXW5jc-ITnSSn_BoD5Xqy7hJo2wWNRzXbQ=w493-h240-k-no
Cairo,Schools,مركز المدارس,مدرسة الراية للغات,مدرسة الراية للغات,3.9,عدد التعليقات: ١١٢,"
النادي الأهلي، مدينة نصر، محافظة القاهرة‬ 4452103",4452103,"
3959+G9 مدينة نصر","
010 05444735",,https://lh3.googleusercontent.com/p/AF1QipNkTuq_egfgYTOnjcqGnq6pXXmDOnrcyH1FHggy=w408-h272-k-no
Cairo,Schools,مدرسة ثانوية,مدرسة الخديوي إسماعيل الثانوية للبنين,مدرسة الخديوي إسماعيل الثانوية للبنين,,,"
26PQ+4JF، نوبار، خيرت، قسم السيدة زينب، محافظة القاهرة‬ 11411",11411,,"
011 00333971",http://elkhedawyismaeel.mam9.com/,https://lh3.googleusercontent.com/gps-cs-s/AHVAwepUhcLk1RPcZi6WF9reiqKMePNBCvP2moRj9HzDurBWVF790H_kK6-BhMHlR60pXxwY0q-SulNM2BTxkv-BNdnoSOR7aZGkzg56ML2A5RotolYoLb4De2A4HyQC8u7R9zCdu-CZUA=w408-h306-k-no
Cairo,Schools,مدرسة دولية,Asseddiq International School,Asseddiq International School,,,"
10th of Ramadan City 55 Km north of Cairo Zagazig",,,"
055 4360611",,https://maps.gstatic.com/tactile/pane/default_geocode-2x.png
Cairo,Schools,مدرسة حكومية,مدرسة فاطمه عنان- ادارة القاهرة الجديدة التعليمية,مدرسة فاطمه عنان- ادارة القاهرة الجديدة التعليمية,,,"
23، قسم أول القاهرة الجديدة، محافظة القاهرة‬ 4722606",4722606,"
XCXP+7M قسم أول القاهرة الجديدة","
010 20055665",,https://lh3.googleusercontent.com/gps-cs-s/AHVAwerUF6eBeQLHbIe0Mta1j7bua5Xsh7ADar4BCYjN6Ru2Ykg236nzH2XR3jNOEOGlXJ4BSKnjrzQvwq7Xc96SYWL2U3mBykNY7xD8cLQF9TPwFd_DvJ1edHhGYp__O-Uhnei2gTYH=w424-h240-k-no
Cairo,Schools,ليسيوم,مدرسة ليسيه الحرية,مدرسة ليسيه الحرية,,,"
26VQ+62R، شارع محمد محمود، الدواوين، عابدين، محافظة القاهرة‬ 4280030",4280030,,"
02 27945236",https://www.facebook.com/groups/lhc1930/,https://lh3.googleusercontent.com/gps-cs-s/AHVAwerN3lLmHL0d8ymvrLvXLU4IVVS9dQ2B2RhsUgvXI_iwK1Wrb3mzEGucbsZ7JPHwPT_lLbvEEx0nLd1FLTZ1oTfRySzozK-1o8qZTPB4UrKQloxMa-vPBuI8iCXsTRgyuNEltV4=w408-h306-k-no
Cairo,Schools,مدرسة لغات,مدرسة زهر الربيع الرسمية للغات,مدرسة زهر الربيع الرسمية للغات,4.4,عدد التعليقات: ٢٢,"
27-29 سوق السباعين، سفر، قسم السيدة زينب، محافظة القاهرة‬ 4281061",4281061,"
26QW+GP قسم السيدة زينب",,https://www.yellowpages.com.eg/ar/profile/%D9%85%D8%AF%D8%B1%D8%B3%D8%A9-%D8%B2%D9%87%D8%B1-%D8%A7%D9%84%D8%B1%D8%A8%D9%8A%D8%B9-%D8%A7%D9%84%D9%85%D8%B4%D8%AA%D8%B1%D9%83%D8%A9/362191,https://lh6.googleusercontent.com/qe_qQgpWfRpyHvi7kjLSc_-ddh56PE3tJaJLMCuE6Uz9W_LbYYkO4VU_rStBrYyV_g=w408-h306-k-no
Cairo,Schools,مدرسة دولية,Saint Mary - Elias International School for Girls (SMEIS),Saint Mary - Elias International School for Girls (SMEIS),,,"
X8JC+8RR، شارع السعادة، البساتين الشرقية، قسم البساتين، محافظة القاهرة‬ 4236004",4236004,,"
010 99996924",http://www.smeis.org/,https://lh3.googleusercontent.com/p/AF1QipMwcrrPQayhZD0f2PwYkPy15VRErjEBxszrXqnq=w408-h619-k-no
Cairo,Schools,مدرسة دولية,مدارس اليمن الدولية | القاهرة,مدارس اليمن الدولية | القاهرة,,,"
المتفرع من، 5 شارع الغزل و النسيج، لبنان، ميت عقبة، حي العجوزة",,"
355W+C9 حي العجوزة","
011 10411820",,https://lh3.googleusercontent.com/gps-cs-s/AHVAweqp_cNTjLcY5Uy730UULpX_IzViy3gTSw4WU4PfuwoUO-ZPUWvkgvqUMw-k-BMST9betKNd3hhTZgI2lVREIZNHYvBQz9PAFpSwSMypbLzfwueN5JyvvB33y2wVo_2TaRXrmA0c=w408-h544-k-no
Cairo,Schools,ليسيوم,Lycee El Horreya Bab El Louk,Lycee El Horreya Bab El Louk,,,"
26RQ+X2W، الدواوين، عابدين، محافظة القاهرة‬ 4280030",4280030,,"
02 27945237",http://www.lyceebabellouk.com/,https://lh3.googleusercontent.com/gps-cs-s/AHVAwerOUEjhI899g-CKvzbXmjNIeFQE11vJ5VWuRQNw3ApaEZ8Zt044OfRRYljM0DZvHI6Gdm_DgO2T5kLFqHi8vQY06lM-uwaXmBmeXntE-cAesFsVS4lskcJ6UkPCHHN3o12VQk_w=w408-h306-k-no
Cairo,Schools,مدرسة خاصة,مدرسة امون جاردن سيتى الخاصة,مدرسة امون جاردن سيتى الخاصة,,,"
26QP+2WW، زغلول، الإنشا والمنيرة، قسم قصر النيل، محافظة القاهرة‬ 4262110",4262110,,"
02 27947077",,https://lh3.googleusercontent.com/ggDNul7vkikQKKn7S_gQGPJOAN7CfdRGXa3jXpjvJhVZVUxlQAsAIbHET4yCRyM=w426-h240-k-no
Cairo,Schools,مدرسة ابتدائية إعدادية,مدرسة الاتحاد القومي,مدرسة الاتحاد القومي,,,"
362P+7PV، معروف، قسم قصر النيل، محافظة القاهرة‬ 4272132",4272132,,,https://www.yellowpages.com.eg/ar/profile/%D9%85%D8%AF%D8%B1%D8%B3%D8%A9-%D8%A7%D9%84%D8%A7%D8%AA%D8%AD%D8%A7%D8%AF-%D8%A7%D9%84%D9%82%D9%88%D9%85%D9%89-%D8%A7%D9%84%D8%A7%D8%B9%D8%AF%D8%A7%D8%AF%D9%8A%D8%A9/364420,https://lh3.googleusercontent.com/gps-cs-s/AHVAweq90xkVY0e9LMI3p9YAovNG29Y-jhsFvE8I-L2KOCMuluvre8n1nOwii-agYMbZuDnMN7Ssm2oGFGZ5DmleEBulEq2fCxm6eGK27c_1e74AIds7hhZw2VnVhQWN10dl5AfRoTorKw=w408-h544-k-no
Cairo,Schools,مدرسة دولية,مدارس الشويفات الدولية,مدارس الشويفات الدولية,,,"
قسم أول 6 أكتوبر، محافظة الجيزة 3291250",3291250,"
X29P+7H قسم أول 6 أكتوبر","
02 38553210",https://isc6october.sabis.net/,https://lh3.googleusercontent.com/p/AF1QipMU5fkV9ynPGELzA0JjdZpjV2xnKiwjtdWSjdjE=w408-h612-k-no
Cairo,Schools,مؤسسة تعليمية,مدرسة الليسيه فرانسيه,مدرسة الليسيه فرانسيه,,,"
42 ش شبرا، جزيرة بدران، روض الفرج، محافظة القاهرة‬ 4341334",4341334,"
36CV+4R روض الفرج","
02 24603321",http://lycee.online/,https://lh3.googleusercontent.com/p/AF1QipMuPUtO3OEmi2xher5r8_RzkVcrURGAZH75FGN4=w425-h240-k-no
Cairo,Schools,مدرسة دولية,المدرسة الألمانية الإنجيلية الثانوية بالقاهرة,المدرسة الألمانية الإنجيلية الثانوية بالقاهرة,,,"
6 ش الدقى، الدقي، قسم الجيزة، محافظة الجيزة 3750230",3750230,"
26J6+PC قسم الجيزة","
02 37481475",http://www.deokairo.com/,https://lh3.googleusercontent.com/gps-cs-s/AHVAweoibAHkFmj5sIK_43REdVAc5AXUIdLKb8DnzxZthQ2fv4A4m3JJebr8-BM7367Jx-HEnDXXlmjAMF5DACFZSpsAGgG0AVdqyYLYFXUGgFlxX5-H0GfTCSErIorYMkKokFfuVuI1tQ=w408-h611-k-no
Cairo,Schools,مؤسسة تعليمية,مدرسة المنيرة التجريبية للغات,مدرسة المنيرة التجريبية للغات,4.3,عدد التعليقات: ٤,"
2 متفرع من ش قصر العينى، السيدة زينب، القاهرة، محافظة القاهرة‬ 4262053",4262053,"
26MQ+29 السيدة زينب، قسم السيدة زينب","
02 23644240",,https://lh3.googleusercontent.com/gps-cs-s/AHVAweqm1P_2SEuQ3vqFVQ0ZmxVTmsbfTVRHcU830gKxp8fd-2VqoA-Nj4LCm0YfXC_AGuwxezp2jhPJmz0nWza5TmR5Mpy4cVNqSP1gBrJEiwj8idtDv8Igbb3GEM2w7eZPsWVEQRfP=w493-h240-k-no
Cairo,Schools,,المدرسة الدولية الايطالية - ليوناردو دافنشى,المدرسة الدولية الايطالية - ليوناردو دافنشى,5.0,عدد التعليقات: ٤,"
40 26th of July St.، DOWNTOWN، الزمالك، محافظة القاهرة‬ 4270123",4270123,,"
02 25740452",,https://maps.gstatic.com/tactile/pane/default_geocode-2x.png
Cairo,Schools,حضانة,مدارس الازهار المشتركة الخاصة,مدارس الازهار المشتركة الخاصة,3.1,عدد التعليقات: ١٠,"
9 Mostafa Serry St.، EL HELMEYA EL GEDIDAH، الخليفة، محافظة القاهرة‬ 4290120",4290120,"
27P2+3P الخليفة","
02 23917379",,https://lh4.googleusercontent.com/rhMGtHwtAFrdgsFJYwQVXsEYDRzu6ESDLgUD7pJFbSja9sbxldfnVGRTX1-_B0aQoA=w408-h306-k-no
Cairo,Schools,مدرسة عامة,مدرسة جاردن سيتي الرسمية للغات,مدرسة جاردن سيتي الرسمية للغات,,,"
6 off Kasr El Ainy st.، EL SAYEDA ZEINAB، قسم السيدة زينب، محافظة القاهرة‬ 4260018",4260018,"
26HM+6G قسم السيدة زينب","
02 23646103",https://www.dalili.com.eg/ar/%D9%85%D8%AF%D8%B1%D8%B3%D8%A9-%D8%AC%D8%A7%D8%B1%D8%AF%D9%86-%D8%B3%D9%8A%D8%AA%D9%89-%D8%A7%D9%84%D8%B1%D8%B3%D9%85%D9%8A%D8%A9-%D9%84%D8%BA%D8%A7%D8%AA-%D8%A7%D9%84%D9%82%D8%A7%D9%87%D8%B1%D8%A9-235386,https://lh4.googleusercontent.com/UcjNA362eHUCfdSieEKgEXHaeqxKLJY4lO2_xx2FFVkJ5z3vFfokdJNFEh-XHSTgZA=w408-h306-k-no
Cairo,Schools,مدرسة ابتدائية,Lycée Français Du Caire - Zamalek,Lycée Français Du Caire - Zamalek,,,"
3659+PXC، الجبلاية، الزمالك، محافظة القاهرة‬ 4270131",4270131,,"
02 27384085",http://www.lfcaire.org/,https://lh3.googleusercontent.com/gps-cs-s/AHVAweqZy2OsMhRorofqwx9uA6O08AomprCvFMicTF61_A91smuN6jCE3ElYB_9YSWjeN69TLIARHrjAIich-FWfYUoWous7j0ixUJGAJXkps_amvEbLePwD9FyYFGqpxAfV2wK0D7Y=w408-h306-k-no
Cairo,Schools,المرحلة الابتدائية,مدرسة الجيل السودانية,مدرسة الجيل السودانية,,,"
94 القصر العيني، خيرت، قسم السيدة زينب، محافظة القاهرة‬ 4262144",4262144,"
26PR+R6 قسم السيدة زينب","
011 42514271",,https://lh3.googleusercontent.com/gps-cs-s/AHVAwer2BbVLPPFzeqcXADSeyiDSgFNLlRzGmFjcRXDzC-PE23Ln4a-LpA1X5B9qI4n5XCWXclfN_sVi9QQrAWvGBeyxZNoHjtsSvDGALKHun4c7hKhK1lxDE9E5v-WMxja-a_sBAoI=w408-h544-k-no
Cairo,Schools,مدرسة خاصة,مدرسة اليوسفية الخاصة,مدرسة اليوسفية الخاصة,,,"
41 kamel sedqy st.، الفجالة، الأزبكية، محافظة القاهرة‬ 4330251",4330251,"
3753+P3 الأزبكية","
02 25906715",https://madaresegypt.com/ar/Item/1335/%D9%85%D8%AF%D8%B1%D8%B3%D8%A9-%D8%A7%D9%84%D9%8A%D9%88%D8%B3%D9%81%D9%8A%D8%A9-%D8%A7%D9%84%D8%AE%D8%A7%D8%B5%D8%A9,https://maps.gstatic.com/tactile/pane/default_geocode-2x.png
Cairo,Schools,مؤسسة تعليمية,مدرسة الفنية المتقدمة التجارية الجيزة ساكية مكى,مدرسة الفنية المتقدمة التجارية الجيزة ساكية مكى,3.5,عدد التعليقات: ١٩,"
26GM+GR9، العيني، قسم السيدة زينب، محافظة القاهرة‬ 4260037",4260037,,"
02 23643813",,https://lh3.googleusercontent.com/gps-cs-s/AHVAwepWg5E3MbeDBPpgvJPUCtZvE0XCT4hpyHrdQkMxHhQz1i0x64P6tuAlyX5POEYam7SUmGKlVjC0vXx6HL40dh0yNhQiNOHI3_5tbWtpIXwpbPbhuwwO2I0LK3xnNJ4U97d1s2JlFw=w408-h725-k-no
Cairo,Schools,مدرسة لغات,مدرسة لغات ليدرز,مدرسة لغات ليدرز,3.7,عدد التعليقات: ٥١,"
2F9P+FFQ، قسم أول القاهرة الجديدة، محافظة القاهرة‬ 4726410",4726410,,"
011 16040222",http://www.leaderscollege.net/,https://lh3.googleusercontent.com/gps-cs-s/AHVAweoYuUPUlcRRWzGxF3-GBtm4zUtcmrXhIICKR6LvcRkj6ZWqjJMjqdSHNF9eCQMZ-axIKXBhoUQhkeLuf5nayo3qBnDZLVhTmeaIyBKWhxnG95h5UDCm5MQuO6cM5sag5nj_aXX9=w425-h240-k-no
Cairo,Schools,تعليم,مدرسة العطار الثانوية بنات,مدرسة العطار الثانوية بنات,4.2,عدد التعليقات: ٣٢,"
العطار، شبرا، محافظة القاهرة‬ 11341",11341,"
37C2+54 شبرا","
02 22351342",https://m.facebook.com/pages/%D9%85%D8%AF%D8%B1%D8%B3%D8%A9-%D8%A7%D9%84%D8%B9%D8%B7%D8%A7%D8%B1-%D8%A7%D9%84%D8%AB%D8%A7%D9%86%D9%88%D9%8A%D8%A9-%D8%A8%D9%86%D8%A7%D8%AA-%D8%A8%D8%B4%D8%A8%D8%B1%D8%A7/125283814192576?locale=ar_AR,https://lh3.googleusercontent.com/gps-cs-s/AHVAweo_lYPLaaaGPP8oub3zsSRvTdrjsEw9S6fJpdbqWhx7M7ox6pIoLzxKqD71ONMr-VrLdeP5Fk2cZGN95upuEKbFNzD4Tj0lSyGwIsBPpTAxe9uK5QkxJ3F4eA2pKdbrpuaH3VTN=w408-h544-k-no
